INSERT INTO user(id, first_name, last_name, email, professor) VALUES
(0, 'Thomas', 'Stackhouse', 'thomas.stackhouse@kingland.com', true),
(1, 'Clifford', 'Berry', 'clifford.berry@test.com', true),
(2, 'Carrie', 'Catt', 'carrie.catt@test.com', true),
(3, 'John', 'Gustafson', 'john.gustafson@test.com', true),
(4, 'Elie', 'Aucock', 'eaucock0@google.com.br', false),
(5, 'Loydie', 'Farfalameev', 'lfarfalameev1@mysql.com', false),
(6, 'Gauthier', 'Isaacs', 'gisaacs2@linkedin.com', false),
(7, 'Armand', 'Dillet', null, false),
(8, 'Hoebart', 'MacTrusty', 'hmactrusty4@newyorker.com', false),
(9, 'Peta', 'Franzel', null, false),
(10, 'Woodrow', 'Isson', 'wisson6@thetimes.co.uk', false),
(11, 'Warden', 'Van Merwe', null, false),
(12, 'Merline', 'Edney', 'medney8@google.pl', false),
(13, 'Davon', 'Hawthorn', 'dhawthorn9@google.de', false),
(14, 'Lenard', 'Jones', 'ljonesa@weebly.com', false),
(15, 'Kirstin', 'Valens-Smith', 'kvalenssmithb@oracle.com', false),
(16, 'Ettore', 'Stangroom', 'estangroomc@ycombinator.com', false),
(17, 'Markus', 'Rash', 'mrashd@aboutads.info', false),
(18, 'Allis', 'Hessing', 'ahessinge@com.com', false),
(19, 'Gail', 'Corpes', 'gcorpesf@e-recht24.de', false),
(20, 'Bernadette', 'Errol', 'berrolg@squarespace.com', false),
(21, 'Lib', 'Binns', 'lbinnsh@phoca.cz', false),
(22, 'Nanny', 'Mcasparan', 'nmcasparani@histats.com', false),
(23, 'Barnabas', 'Ell', 'bellj@mapy.cz', false),
(24, 'Toni', 'Hawkswood', 'thawkswoodk@dagondesign.com', false),
(25, 'Cassius', 'Easey', 'ceaseyl@photobucket.com', false),
(26, 'Kathye', 'Gislebert', 'kgislebertm@discuz.net', false),
(27, 'Margalit', 'McGorman', 'mmcgormann@hugedomains.com', false),
(28, 'Sabina', 'Waddington', 'swaddingtono@google.co.uk', false),
(29, 'Rahel', 'Craigg', 'rcraiggp@nationalgeographic.com', false),
(30, 'Lucho', 'Blueman', 'lbluemanq@tripod.com', false),
(31, 'Aggi', 'Boddymead', 'aboddymeadr@biblegateway.com', false),
(32, 'Marissa', 'Lawles', 'mlawless@merriam-webster.com', false),
(33, 'Liva', 'Guise', null, false),
(34, 'Gerardo', 'Jaggard', 'gjaggardu@abc.net.au', false),
(35, 'Tab', 'Denisevich', 'tdenisevichv@cdc.gov', false),
(36, 'Tasia', 'Bruinsma', 'tbruinsmaw@etsy.com', false),
(37, 'Hermann', 'Mickleburgh', 'hmickleburghx@liveinternet.ru', false),
(38, 'Brad', 'Nockalls', 'bnockallsy@ed.gov', false),
(39, 'Tabby', 'Saffer', 'tsafferz@huffingtonpost.com', false),
(40, 'Ailee', 'Reddecliffe', 'areddecliffe10@google.ru', false),
(41, 'Bianca', 'Eskriet', 'beskriet11@amazon.de', false),
(42, 'Geri', 'Yglesias', 'gyglesias12@businessinsider.com', false),
(43, 'Mickey', 'Easum', 'measum13@sogou.com', false),
(44, 'Billie', 'Tulley', 'btulley14@etsy.com', false),
(45, 'Yard', 'Lemme', null, false),
(46, 'Jerry', 'Pleasaunce', 'jpleasaunce16@ebay.com', false),
(47, 'Lucila', 'Reddell', 'lreddell17@pen.io', false),
(48, 'Heath', 'Morrissey', 'hmorrissey18@ftc.gov', false);

INSERT INTO class(id, name, department, code, professor_id) VALUES
(0, 'Web Development Club', 'Computer Science', 'COMS404', 0),
(1, 'Technical Writing', 'English', 'ENGL340', 1),
(2, 'Asymptotic Expansions of Elliptic Integrals', 'Mathematics', 'MATH000', 2),
(3, 'Basics of Computing', 'Computer Engineering', 'COME310', 3);

INSERT INTO class_user_mapping(user_id, class_id) VALUES
(4, 0),
(5, 0),
(6, 0),
(7, 0),
(8, 0),
(9, 0),
(10, 0),
(11, 0),
(12, 1),
(13, 1),
(14, 1),
(15, 1),
(16, 1),
(17, 2),
(18, 2),
(19, 2),
(20, 2),
(21, 2),
(22, 2),
(23, 2),
(24, 2),
(25, 2),
(26, 2),
(27, 2),
(28, 3),
(29, 3),
(30, 3),
(31, 3),
(32, 3),
(33, 3);